company,source,title,desc,date,link,investing_in_solarparks
Enviria,EU-Startups,Frankfurt-based ENVIRIA secures €185 million to offer decentralized energy via rooftop solar at scale,"ENVIRIA, Germany's leading commercial and industrial (C&I) decentralized energy solutions provider, announced it has entered into a...",29 Feb 2024,https://www.eu-startups.com/2024/02/frankfurt-based-enviria-secures-e185-million-to-offer-decentralized-energy-via-rooftop-solar-at-scale/,False
Enviria,Sifted,Solar panel startup Enviria secures $200m from BlackRock,"Frankfurt-based Enviria has secured $200m in equity from BlackRock, cementing Germany's place as a solar tech hub.",29 Feb 2024,https://sifted.eu/articles/enviria-blackrock-climate-solar-panel-news,False
Enviria,Tech.eu,Germany's Enviria targets commercial solar energy market with $200M BlackRock funding,German solar startup Enviria raises over $200M from BlackRock for expansion of its commercial and industrial solar projects.,29 Feb 2024,https://tech.eu/2024/02/29/germanys-enviria-targets-commercial-solar-energy-market-with-200m-blackrock-funding/,True
Enviria,Renewables Now,Galileo sheds interest in Enviria to BlackRock and progresses ground-mount solar JV,"Pan-European renewables developer Galileo Green Energy on Tuesday said it has agreed to sell its interest in Enviria, a German provider of...",5 Mar 2024,https://renewablesnow.com/news/galileo-sheds-interest-in-enviria-to-blackrock-and-progresses-ground-mount-solar-jv-850572/,False
Enviria,pv magazine International,BlackRock invests $200 million in Enviria,"BlackRock has invested €183 million ($200.2 million) in Enviria, a Germany-based company that specializes in deploying C&I PV systems,...",11 Mar 2024,https://www.pv-magazine.com/2024/03/11/blackrock-invests-200-million-in-enviria/,False
Enviria,SolarQuarter,"ENVIRIA Secures Over $200 Million Capital Commitment from BlackRock, Germany's Top Commercial and Industrial Solar Company","ENVIRIA, the leading provider of commercial and industrial (C&I) decentralized energy solutions in Germany, has finalized an agreement for...",1 Mar 2024,https://solarquarter.com/2024/03/01/enviria-secures-over-200-million-capital-commitment-from-blackrock-germanys-top-commercial-and-industrial-solar-company/,False
Enviria,Silicon Canals,German company ENVIRIA secures over €185M from BlackRock to help companies access renewable energy ecosystem,"Frankfurt-based ENVIRIA, a commercial and industrial (C&I) decentralised energy solutions provider has secured a $200M (approximately €185M)...",29 Feb 2024,https://siliconcanals.com/enviria-secures-over-185m/,False
Enviria,IPE Real Assets,BlackRock injects $200m into German solar firm Enviria,Global Renewable Power IV provides capital to support expansion of Enviria's 500 C&I solar projects.,29 Feb 2024,https://realassets.ipe.com/news/blackrock-injects-200m-into-german-solar-firm-enviria/10071918.article,True
Enviria,Renewables Now,Solar start-up Enviria attracts USD-200m investment from Blackrock,Enviria Solar GmbH has secured an equity investment of over USD 200 million (EUR 185.1m) from US asset manager Blackrock (NYSE:BLK) in a...,29 Feb 2024,https://renewablesnow.com/news/solar-start-up-enviria-attracts-usd-200m-investment-from-blackrock-850084/,False
Enviria,Axios,German C&I solar company Enviria closed over $200M from BlackRock,German solar roof company Enviria said it's raised over $200 million from BlackRock to deploy more solar panels on buildings across Germany.,29 Feb 2024,https://www.axios.com/pro/climate-deals/2024/02/29/blackrock-backs-solar-enviria,False
Enviria,Manager Magazin,Enviria: BlackRock investiert 200 Millionen Euro bei Solar-Start-up,"Der Gründer des Solar-Star-ups Enviria, Melchior Schulze Brock, hat einen dicken Fisch an Land gezogen: Der weltgrößte Vermögensverwalter...",29 Feb 2024,https://www.manager-magazin.de/unternehmen/tech/enviria-blackrock-investiert-200-millionen-euro-bei-solar-start-up-a-08c6226a-7182-424d-901d-f352978022a9,False
Enviria,Microgrid Media,BlackRock’s Strategic Investment in Enviria,"In a bold move that's crucial for the worldwide switch to green energy, BlackRock's Global Renewable Power IV fund has made an impressive...",29 Feb 2024,https://microgridmedia.com/blackrocks-strategic-investment-enviria/,False
Enviria,pv magazine Deutschland,Mit 200 Millionen-Dollar-Investition übernimmt Blackrock die Anteile von Galileo an Enviria,Die Investmentplattform für erneuerbare Energien Galileo gibt ihre gesamten Anteile an der auf Photovoltaik für Unternehmen spezialisierten...,5 Mar 2024,https://www.pv-magazine.de/2024/03/05/nach-200-millionen-euro-investition-uebernimmt-blackrock-die-anteile-von-galileo-an-enviria/,False
Enviria,Handelsblatt,Enviria: Blackrock investiert 200 Millionen Dollar in Frankfurter Solardach-Spezialisten,Der weltgrößte Vermögensverwalter baut sein Geschäft mit Infrastruktur immer weiter aus. Enviria ist auf Dächer von Firmengebäuden...,29 Feb 2024,https://www.handelsblatt.com/finanzen/banken-versicherungen/enviria-blackrock-investiert-200-millionen-dollar-in-frankfurter-solardach-spezialisten/100019196.html,False
Enviria,FAZ.NET,200 Millionen Dollar von Blackrock für Frankfurter Solar-Start-up,Dollar-Regen für ein deutsches Solarunternehmen: Die US-Investmentgesellschaft steigt bei dem Frankfurter Start-up Enviria ein.,29 Feb 2024,https://www.faz.net/aktuell/rhein-main/wirtschaft/200-millionen-dollar-von-blackrock-fuer-frankfurter-solar-start-up-19554561.html,False
Enviria,EU-Startups,Frankfurt-based ENVIRIA secures €22.5 million to help businesses go solar,"Greentech startup ENVIRIA is fueling a renewable energy ecosystem, helping businesses transition to clean solar energy. The Frankfurt-based...",23 Jun 2022,https://www.eu-startups.com/2022/06/frankfurt-based-enviria-secures-e22-5-million-to-help-businesses-go-solar/,False
Enviria,Presseportal,Press Release: Enviria and Q ENERGY cov-develop 500 MW PV pipeline in Germany,Q ENERGY Solutions SE - ENVIRIA joins forces with newly formed Q ENERGY to co-develop a 500 MW solar PV ...✚ Read more.,12 Jul 2022,https://www.presseportal.de/en/pm/163925/5270815,False
Enviria,Tech.eu,German solar energy startup Enviria collects €22.5 million in Series A rays,"While the B2C solar panel market tends to receive the lion's share of ink, Frankfurt's Enviria is taking a different approach and going the...",23 Jun 2022,https://tech.eu/2022/06/23/german-solar-energy-startup-enviria-collects-eur225-million-in-series-a-rays/,False
Enviria,Solarserver,Enviria erhält Kapital von Blackrock über 200 Millionen US-Dollar,Das PV-Startup Enviria erhält 200 Millionen US-Dollar Finanzierung über einen Fonds von BlackRock. Das Kapital soll dem Bau von Solaranlagen...,29 Feb 2024,https://www.solarserver.de/2024/02/29/enviria-erhaelt-kapital-von-blackrock-ueber-200-millionen-us-dollar/,False
Enviria,ZfK: Zeitung für kommunale Wirtschaft,Blackrock investiert 200 Mio. Dollar in deutsches Solar-Start-up Enviria,Das Investment des US-Vermögensverwalters lässt aufhorchen: Was den Investor zu der Beteiligung motiviert hat und wie er das Geschäftsmodell...,29 Feb 2024,https://www.zfk.de/unternehmen/nachrichten/blackrock-investiert-200-mio-dollar-in-deutsches-solar-start-up-enviria,False
Enviria,Gründerszene,Gegen hohe Energiekosten: Für sein Solar-Startup sammelt dieser Gründer 185 Millionen Euro ein,Deutsche Firmen leiden unter hohen Energiekosten. Enviria will daraus ein Geschäft machen und Firmendächer mit Solarenergie ausstatten.,29 Feb 2024,https://www.businessinsider.de/gruenderszene/technologie/185-millionen-fuer-das-frankfurter-solar-startup-enviria/,False
Enviria,Energie & Management,Beteiligung: US-Investor steigt bei Enviria ein,Mit dem Verkauf seiner Anteile an den US-Investor Blackrock zieht sich ein Kapitalgeber der ersten Stunde aus dem Frankfurter Unternehmen...,6 Mar 2024,https://www.energie-und-management.de/nachrichten/detail/us-investor-steigt-bei-enviria-ein-212654,False
Enviria,azonline.de,Der Solar-Pionier mit dem Mega-Deal,Billerbeck. An die Anfänge denkt er immer gerne zurück. „Mein erstes Projekt war damals die Solaranlage auf dem Bauernhof meiner Eltern...,28 Mar 2024,https://www.azonline.de/lokales/billerbeck/der-solar-pionier-mit-dem-mega-deal-2947307,False
Enviria,IWR,Blackrock investiert in deutsches Solar-Startup - Gewerbliche Immobilien im Fokus,Frankfurt – In Deutschland sind Schätzungen zufolge erst 10 Prozent der geeigneten Firmendächer mit einer Solaranlage ausgestattet.,4 Mar 2024,https://www.iwr.de/news/blackrock-investiert-in-deutsches-solar-startup-gewerbliche-immobilien-im-fokus-news38592,False
Enviria,OTS.at,"ENVIRIA, Deutschlands führendes Solarunternehmen für Gewerbe und Industrie sichert sich eine Investition von ...","ENVIRIA, ein deutschlandweit führender Anbieter von dezentralen Energielösungen für Gewerbe und Industrie (C&I), hat mit BlackRock eine...",29 Feb 2024,https://www.ots.at/presseaussendung/OTS_20240229_OTS0062/enviria-deutschlands-fuehrendes-solarunternehmen-fuer-gewerbe-und-industrie-sichert-sich-eine-investition-von-blackrock-in-hoehe-von-ueber-200-millionen-usd,False
Enviria,Silicon Canals,"Das deutsche Unternehmen ENVIRIA sichert sich über 185 Millionen Euro von BlackRock, um Unternehmen beim Zugang zu erneuerbaren Energien zu unterstützen ecosystem","ENVIRIA mit Sitz in Frankfurt, ein Anbieter dezentraler Energielösungen für Gewerbe und Industrie (C&I), hat sich eine Kapitalbeteiligung in...",29 Feb 2024,https://siliconcanals.com/de/enviria-secures-over-185m/,False
Enviria,www.photovoltaik.eu,Galileo verkauft Anteile an Enviria an Blackrock,Galileo hatte Enviria seit November 2021 als erster Großinvestor finanziert. Nun übernimmt Blackrock die Anteile im C&I-Geschäft und baut...,5 Mar 2024,https://www.photovoltaik.eu/solarparks/galileo-verkauft-anteile-enviria-blackrock,False
Enviria,EnergyWatch,Galileo Green Energy forms solar joint venture,Pan-European developer Galileo Green Energy has teamed up with German solar startup Enviria to set up a new joint venture named Galileo...,25 Nov 2022,https://energywatch.com/EnergyNews/Renewables/article14629493.ece,False
Enviria,pv Europe,Enviria and Q Energy to build 500 megawatts of solar park capacity in Germany,The two companies will build more than 30 solar power plants with a total capacity of 500 megawatts in Germany. Enviria is contributing the...,13 Jul 2022,https://www.pveurope.eu/solar-parks/solar-parks-enviria-and-q-energy-build-500-megawatts-solar-park-capacity-germany,True
Enviria,Startup Insider,"Solar-Startup Enviria erhält 22,5 Mio. Euro in Serie A (Frankfurt • EPC • Renewable Energy)","Interview mit Schulze Brock, Founder und CEO von Enviria In der Mittagsfolge sprechen wir heute mit Melchior Schulze Brock, Founder und CEO...",6 Jul 2022,https://www.startup-insider.com/podcast/solar-startup-enviria-erhalt-225-mio-euro-in-serie-a-fran,False
Enviria,IPE Real Assets,BlackRock injects $200m into German solar firm Enviria,German commercial and industrial (C&I) solar company Enviria has secured a $200m (€184.6m) investment from a fund managed by BlackRock's...,29 Feb 2024,https://realassets.ipe.com/news/blackrock-injects-200m-into-german-solar-firm-enviria/10071918.article,False
Enviria,pv magazine Deutschland,Mit 200 Millionen-Dollar-Investition übernimmt Blackrock die Anteile von Galileo an Enviria,"Wenige Tage nach Bekanntwerden der 200 Millionen-Dollar-Beteiligung, die das US-amerikanische Investment-Unternehmen Blackrock im Zuge einer...",5 Mar 2024,https://www.pv-magazine.de/2024/03/05/nach-200-millionen-euro-investition-uebernimmt-blackrock-die-anteile-von-galileo-an-enviria/,False
Enviria,IWR,Bau von PV-Dachanlagen: Enviria sichert sich Millionen-Brückenfinanzierung für Wachstumskurs,Frankfurt am Main - Das Unternehmen Enviria ist als Komplettanbieter auf dem B2B-Sektor für erneuerbare Energien spezialisiert.,2 Feb 2023,https://www.iwr.de/ticker/bau-von-pv-dachanlagen-enviria-sichert-sich-millionen-brueckenfinanzierung-fuer-wachstumskurs-artikel5134,False
Enviria,Ruhr Nachrichten,RN+ Neuer Solarpark für Werne geplant: Politik hat Bauchschmerzen bei Energie-Projekt,An der A1 in Werne-Stockum möchte das Unternehmen Enviria einen PV-Park errichten. Das sorgt aber nicht bei allen Entscheidungsträgern für...,18 Apr 2024,https://www.ruhrnachrichten.de/werne/solarpark-werne-freiflaechen-photovoltaik-politik-plaene-energie-projekt-w869578-2001176476/,True
Enviria,Märkische Allgemeine Zeitung,Enviria hält an Solarpark Marzahne fest,Das Landschaftsbild nordöstlich von Marzahne könnte sich in Zukunft dramatisch verändern. Ein Investor plant einen Solarpark.,15 Nov 2023,https://www.maz-online.de/lokales/brandenburg-havel/enviria-haelt-an-solarpark-marzahne-fest-VLBCT2G3JRCLNDUZF5VXGUXEPU.html,True
Enviria,Freie Presse,Ein 100 Fußballfelder großer Solarpark links und rechts der Staatsstraße: Was bleibt im Dorf für die Landwirtschaft?,"Während in Grünlichtenberg demnächst wohl ein Bürgerentscheid ansteht, laufen in Hainichen die Planungen für einen doppelt so großen...",8 Nov 2023,https://www.freiepresse.de/mittelsachsen/mittweida/ein-100-fussballfelder-grosser-solarpark-links-und-rechts-der-staatsstrasse-was-bleibt-im-dorf-fuer-die-landwirtschaft-artikel13119354,True
Enviria,Bernau LIVE,Präsentation des geplanten Solarparks in Ladeburg erhitzt die Gemüter,Bernau / Ladeburg: Am vergangenen Mittwoch lud die ENVIRIA Energy Holding GmbH gemeinsam mit dem Ladeburger Ortsbeirat zu einer...,27 May 2022,https://bernau-live.de/strom-energie/praesentation-des-geplanten-solarparks-in-ladeburg-erhitzt-die-gemueter,True
Enviria,Manager Magazin,Aktie schießt hoch: Investor KKR interessiert sich für Solarparkbetreiber Encavis,Zwischen dem US-Investor KKR und dem Wind- und Solarparkbetreiber Encavis gibt es Gespräche über einen Einstieg.,7 Mar 2024,https://www.manager-magazin.de/unternehmen/encavis-ag-kohlberg-kravis-roberts-co-interessiert-sich-fuer-solarparkfirma-aktie-schiesst-hoch-a-a468ea23-f1b3-4487-a8b2-5efb7c857c52,True
Enviria,Volksstimme,Solar in der Altmark: Sonne bringt Geld: Einwohner wollen Solar-Park bei Tangerhütte,Der Start für das 69-Hektar-Solarprojekt in Schönwalde bei Tangerhütte war kein einfacher. Der Ortsbürgermeister war im Zuge der...,17 Mar 2023,https://www.volksstimme.de/lokal/tangerhuette/sonne-bringt-geld-einwohner-wollen-solar-park-bei-tangerhutte-3568923,False
Enviria,Volksstimme,Freiflächen-Photovoltaik: Rücktritt in Tangerhütte: Große Solarpark-Pläne sorgen für Auseinandersetzungen,Rund um Tangerhütte herrscht Goldgräberstimmung bei den Solarpark-Erbauern. Doch es wird kontrovers diskutiert. Nicht alle Einwohner sind...,10 Nov 2022,https://www.volksstimme.de/lokal/tangerhuette/rucktritt-in-tangerhutte-grosse-solarpark-plane-sorgen-fur-auseinandersetzungen-3479675,True
Enviria,Bernau LIVE,In Ladeburg soll ein 70 Hektar großer Solarpark entstehen – Infoveranstaltung,Bernau / Ladeburg: Nach den Plänen einiger Grundstücksbesitzer und der Investoren soll im Bernauer Ortsteil Ladeburg ein 70 Hektar großer...,5 May 2022,https://bernau-live.de/nachrichten/bernau/ladeburg/in-ladeburg-soll-ein-70-hektar-grosser-solarpark-entstehen-infoveranstaltung,True
Enviria,Freie Presse,So groß wie 110 Fußballfelder: Plan für Fotovoltaik an der Straße von Hainichen nach Oederan,Es könnte eine der größten Anlagen für Sonnenenergie in ganz Sachsen werden: In Eulendorf ist ein 78 Hektar großer Solarpark auf Agrarland...,26 Apr 2023,https://www.freiepresse.de/mittelsachsen/mittweida/so-gross-wie-110-fussballfelder-plan-fuer-fotovoltaik-an-der-strasse-von-hainichen-nach-oederan-artikel12839457,True
Enviria,Märkische Allgemeine Zeitung,Havelsee wird zum Platz an der Sonne: Solarpark-Investoren stehen Schlange,"Besser als Windräder, sagt eine Mehrheit. Trotzdem wird sich das Landschaftsbild zwischen Briest und Marzahne dramatisch verändern.",5 Dec 2022,https://www.maz-online.de/lokales/potsdam-mittelmark/beetzsee/havelsee-wird-zum-platz-an-der-sonne-solarpark-investoren-stehen-schlange-RNIKIPQY6MBOYGTPJ66GKJHGHA.html,True
Enviria,Edison,Enviria setzt auf Solaranlagen im XXL-Format,Die deutsche Industrie klagt über hohe Strompreise. Dabei könnten viele Firmen den Strom selbst erzeugen - mit PV-Anlagen auf Gewerbebauten.,17 Apr 2024,https://edison.media/energie/enviria-setzt-auf-solaranlagen-im-xxl-format/25246259/,False
Enviria,ESG News,BlackRock Fuels ENVIRIA’s Solar Expansion with $200 Million Investment,BlackRock invests over $200 million in Germany's leading C&I decentralized energy solutions provider to support solar project expansion.,11 Mar 2024,https://esgnews.com/blackrock-fuels-envirias-solar-expansion-with-200-million-investment/,True
Enviria,Münsterland Zeitung,MLZ+ 28 Hektar Solarfarm in Südlohn und Oeding: Das sind die Pläne für das Bauvorhaben,Die Firma Enviria möchte eine 28 Hektar große Solarfarm in Südlohn und Oeding errichten. Die Pläne haben sie nun im Ausschuss der Gemeinde...,8 Dec 2023,https://www.muensterlandzeitung.de/suedlohn/28-hektar-solarfarm-in-suedlohn-und-oeding-das-sind-die-plaene-fuer-das-bauvorhaben-w817002-9000986310/,False
Enviria,WELT,"Enpal, Trawa, Bareways: Die Energiewende-Ideen deutscher Gründer",Strom und Gas sparen ist längst mehr als eine Klimafrage und wird zunehmend wirtschaftlich relevant. Viele Firmen haben es sich zur Aufgabe...,28 Apr 2023,https://www.welt.de/wirtschaft/article244949130/Enpal-Trawa-Bareways-Die-Energiewende-Ideen-deutscher-Gruender.html,False
Enviria,Renewables Now,Weekly renewables M&A round-up (Feb 26-Mar 1),"Renewables Now covered M&A stories about Iberdrola, Shell, Endesa, and others this week. Below is the full list: -- Nordic Solar buys 40-MWp...",1 Mar 2024,https://renewablesnow.com/news/weekly-renewables-ma-round-up-feb-26-mar-1-850274/,False
Enviria,Yahoo Finance Canada,German industry turns to solar in race to cut energy costs,"For months, Philip Matthias tried to convince his father to install solar panels on their company's roof in the eastern German state of...",1 week ago,https://ca.finance.yahoo.com/news/german-industry-turns-solar-race-060233447.html,False
Enviria,Mercomindia.com,"Solar Sector Records 81% Drop in VC Funding in Q1, Corporate Funding Down by 4%","The solar sector secured $8.1 billion in corporate funding through 41 transactions in the first quarter (Q1) of 2024, marking a 4% decrease...",22 Apr 2024,https://mercomindia.com/solar-sector-81-drop-vc-funding-q1-corporate-funding-down,False
Enviria,MOZ.de,Erneuerbare Energien Schönfeld: Investor lockt mit günstigem Strom durch Photovoltaikanlage | MMH,"Auf einer landwirtschaftlichen Fläche bei Schönfeld soll eine Photovoltaik-Freiflächenanlage errichtet werden. Was bietet der Investor an,...",5 Aug 2022,https://www.moz.de/lokales/bernau/erneuerbare-energien-schoenfeld-investor-lockt-mit-guenstigem-strom-durch-photovoltaikanlage-65817297.html,False
Enviria,White & Case LLP,White & Case advises ENVIRIA on capital commitment of over US$200 million from BlackRock,Global law firm White & Case LLP has advised commercial and industrial decentralized energy solutions provider ENVIRIA Energy Holding GmbH...,29 Feb 2024,https://www.whitecase.com/news/press-release/white-case-advises-enviria-capital-commitment-over-us200-million-blackrock,False
Enviria,Presseportal,Pressemitteilung: Enviria und Q ENERGY entwickeln 500 MW PV Pipeline in Deutschland,ENVIRIA und die neu gegründete Q ENERGY entwickeln gemeinsam 500-MW-Photovoltaik-Pipeline in Deutschland. Der Solarenergiespezialist ENVIRIA...,12 Jul 2022,https://www.presseportal.de/pm/163925/5270814,False
Enviria,Aju Press,Hanwha Q Cells and Samsung Electronics propose integrated energy solution to reduce heating costs in Europe,"SEOUL --Hanwha Q Cells, the solar cell-making wing of South Koreas Hanwha Group, will combine its solar power supply system and an...",15 Sept 2022,https://www.ajupress.com/view/20220915140247696,True
Enrego,Energy Central,Energo: German companies to boost Ukraine's renewable energy,German companies are set to play a pivotal role in enhancing Ukraine's renewable energy capacity as the country urgently seeks 5-6 GW of new...,2 weeks ago,https://energycentral.com/news/energo-german-companies-boost-ukraines-renewable-energy,False
Enrego,SeeNews,Bosnia's Energo Cat launches 2 MW solar power plant - report,"Bosnia and Herzegovina-based company Energo Cat put into operation a 2 MW solar power plant in Kruhari, near Sanski Most,...",1 month ago,https://seenews.com/news/bosnias-energo-cat-launches-2-mw-solar-power-plant-report-1257627,True
Enrego,Škoda Storyboard,Škoda Auto: New rooftop photovoltaic systems contribute to carbon-neutral production efforts,"Mladá Boleslav, 31 October 2023 – Škoda Auto is paving the way for carbon-neutral production at its Czech plants by the end of the decade.",31 Oct 2023,https://www.skoda-storyboard.com/en/press-releases/skoda-auto-new-rooftop-photovoltaic-systems-contribute-to-carbon-neutral-production-efforts/,False
Enrego,ET EnergyWorld,New solar systems to help carbon-neutral production efforts of Skoda Auto,"Skoda Auto has partnered with ČEZ ESCO and SKO-ENERGO to install 5,400 photovoltaic modules on its production and logistics buildings in...",1 Nov 2023,https://energy.economictimes.indiatimes.com/news/renewable/new-solar-systems-to-help-carbon-neutral-production-efforts-of-skoda-auto/104873372,False
Enrego,Autocar Professional,Skoda commissions rooftop photovoltaic systems at Mlada Boleslav plant,Solar systems expected to generate over 2 GWh of emission-free electricity annually; new photovoltaic installations part of Skoda's efforts...,2 Nov 2023,https://www.autocarpro.in/news-international/skoda-commissions-rooftop-photovoltaic-systems-at-mlada-boleslav-plant-117599,False
Enrego,Balkan Green Energy News,Herzegovina-Neretva Canton grants concession for 10 solar power plants,"Plavo Sunce is majority-owned by Iva Mamić, daughter of the former head of Croatian football club Dinamo.",2 May 2023,https://balkangreenenergynews.com/herzegovina-neretva-canton-grants-concession-for-10-solar-power-plants/,True
Enrego,Volkswagen Group,Nachhaltigkeit: Natur,Mit der Nachhaltigkeitsstrategie gehen wir über die Emissionsreduktion und -vermeidung hinaus. Das Ziel: Mensch und Natur positiv beeinflussen.,13 Mar 2024,https://www.volkswagen-group.com/de/natur-18174,False
Enrego,WELT,Photovoltaik: Wie Solardachziegel Energie liefern,"Bislang waren Sonnenkollektoren auf deutschen Dächern schwarz und glänzend. Wichtige Häuser, Kirchen, Museen fielen für Fotovoltaik aus.",2 Nov 2023,https://www.welt.de/wissenschaft/plus248220406/Photovoltaik-Wie-Solardachziegel-Energie-liefern.html,False
Enrego,www.energolife.info,The Americans want to create a “solar” park in Chernobyl,The Minister of Ecology and Natural Resources of Ukraine discussed with the head of the Bureau of Energy Resources of the US Department of...,29 Nov 2020,http://www.energolife.info/ua/2016/energy/1719/%D0%90%D0%BC%D0%B5%D1%80%D0%B8%D0%BA%D0%B0%D0%BD%D1%86%D1%96-%D1%85%D0%BE%D1%87%D1%83%D1%82%D1%8C-%D1%81%D1%82%D0%B2%D0%BE%D1%80%D0%B8%D1%82%D0%B8-%C2%AB%D1%81%D0%BE%D0%BD%D1%8F%D1%87%D0%BD%D0%B8%D0%B9%C2%BB-%D0%BF%D0%B0%D1%80%D0%BA-%D1%83-%D0%A7%D0%BE%D1%80%D0%BD%D0%BE%D0%B1%D0%B8%D0%BB%D1%96.htm,False
Enrego,Škoda Storyboard,New photovoltaic system for ŠKODA AUTO Service Centre in Kosmonosy,"Mladá Boleslav, 19 November 2020 – ŠKODA AUTO has collaborated with ČEZ Solarní, a subsidiary of energy services provider ČEZ ESCO,...",19 Nov 2020,https://www.skoda-storyboard.com/en/press-releases/new-photovoltaic-system-for-skoda-auto-service-centre-in-kosmonosy/,False
Enrego,Polarjournal,Commissioning of solar power plants in Chukotka,"The Russian company Hevel Energo Servis, which is responsible for the energy services business of the Hevel Group, has completed the...",17 Sept 2021,https://polarjournal.ch/en/2021/09/17/commissioning-of-solar-power-plants-in-chukotka/,True
Enrego,AzerNews,Kazakh solar power plant ups power generation,"Kapchagay solar power plant in Kazakhstan is increasing its electricity generation, the country's Samruk-Energo company told Trend.",6 Apr 2015,https://www.azernews.az/region/79954.html,True
Enrego,Ազատություն Ռադիոկայան,First Major Solar Plant Built In Armenia,"Armenia's first-ever major solar power plant went on stream on Friday, with a senior government official predicting the country's growing...",29 Sept 2017,https://www.azatutyun.am/a/28765060.html,True
Enrego,Balkan Green Energy News,Capital Group from Turkey sets EUR 300 million for solar projects,"Idris Fatih Şahin, owner of Capital Group AŞ from Istanbul, visited the Foreign Investment Promotion Agency (FIPA) with associates on 10...",11 Feb 2016,https://balkangreenenergynews.com/capital-group-from-turkey-sets-eur-300-million-for-solar-projects/,True
Enrego,Leine-On,Edmund Jansen: ENER:GO ist immaterielles UNESCO-Weltkulterbe,Die Genossenschaftsidee ist von der UNESCO zum immateriellen Weltkulturerbe der Menschheit ernannt worden.,29 Dec 2016,https://www.leine-on.de/wirtschaft/archiv-nachricht/edmund-jansen-energo-ist-immaterielles-unesco-weltkulterbe,False
Enrego,Pacific Standard,Why Millions of Chinese-Made Solar Panels Sat Unused in Southern California Warehouses for Years,A panic over renewable energy and billions in subsidies turned the world's biggest carbon emitter into the world's largest solar panel maker...,30 Jun 2015,https://psmag.com/environment/why-millions-of-chinese-made-solar-panels-sat-unused-in-southern-california-warehouses-for-years,False
Enrego,Škoda Storyboard,#Project1Hour: Škoda Auto joins the Group-wide climate workshop once again this year,"Mladá Boleslav, 25 April 2023 – As part of the Volkswagen Group's #Project1Hour initiative, Škoda Auto called on its employees to consider...",25 Apr 2023,https://www.skoda-storyboard.com/en/press-releases/project1hour-skoda-auto-joins-the-group-wide-climate-workshop-once-again-this-year/,False
Enrego,Autocar Professional,Daimler Truck’s Rizon electric brand gets homologation in the US,"Rizon, which has received both EPA certification and dual CARB Executive Orders, will begin vehicle deliveries in Q4 of 2023 through dealer networks in...",3 Nov 2023,https://www.autocarpro.in/news-international/daimler-trucks-rizon-electric-brand-gets-homologation-in-the-us-117617,False
Enrego,Škoda Storyboard,ŠKODA AUTO and energy services provider ČEZ expand photovoltaic systems at the Mladá Boleslav plant,"Mladá Boleslav, 12 February 2021 – ŠKODA AUTO is increasingly focusing on renewable energy and today, ŠKODA AUTO CEO Thomas Schäfer and...",12 Feb 2021,https://www.skoda-storyboard.com/en/press-releases/skoda-auto-and-energy-services-provider-cez-expand-photovoltaic-systems-at-the-mlada-boleslav-plant/,False
Enrego,Škoda Storyboard,Neue Photovoltaik-Anlage für ŠKODA AUTO Service-Zentrum in Kosmonosy,... › Strombedarf des ŠKODA AUTO-Trainings- und Servicezentrums zu fast 25 Prozent durch klimaneutral gewonnene Energie gedeckt,19 Nov 2020,https://www.skoda-storyboard.com/de/pressemitteilungen-archive/neue-photovoltaik-anlage-fuer-skoda-auto-service-zentrum-in-kosmonosy/,False
Enrego,Energetica India Magazine,Solar Energy Market Size in Ukraine to Grow by 932.10 MW: Report,The 'Solar Energy Market in Ukraine by Type and Application - Forecast and Analysis 2022-2026' report by Technavio expects the market size...,5 Aug 2022,https://www.energetica-india.net/news/solar-energy-market-size-in-ukraine-to-grow-by-93210-mw-report,False
Enrego,Bangkok Post,"Nortis tries C2C renewable platform with China""s Energo",Thai renewable energy developer Nortis Energy is exploring the consumer-2-consumer (C2C) segment through a partnership with Chinese...,1 May 2018,https://www.bangkokpost.com/business/general/1455845/nortis-tries-c2c-renewable-platform-with-chinas-energo,False
Enrego,Inquirer.net,Peer-to-peer energy trading pushed,Shanghai-based startup Energo Labs is using blockchain technology with microgrids to push “peer-to-peer” (P2P) energy trading in the...,2 Nov 2017,https://business.inquirer.net/239731/peer-peer-energy-trading-pushed,False
Enrego,Construction Week Online,DEWA inaugurates $75m substation at MBR Solar Park,"The $74.8m substation is one of the first projects of the Mohammed bin Rashid Al Maktoum Solar Park, it will transmit and transform...",21 Dec 2016,https://www.constructionweekonline.com/projects-tenders/article-42352-dewa-inaugurates-75m-substation-at-mbr-solar-park,True
HIH Invest,IPE Reference Hub,HIH Invest Buys Solar Park in Southern Spain,HIH Invest Real Estate (“HIH Invest”) just acquired the Alcalá solar park in Seville province in southern Spain.,5 days ago,https://hub.ipe.com/asset-manager/hih-invest-real-estate-/hih-invest-buys-solar-park-in-southern-spain/10074483.supplierarticle,True
HIH Invest,IPE Real Assets,HIH Invest buys solar park in Southern Spain,HIH Invest Real Estate has acquired a 15.1MWp solar park in southern Spain from BayWa re for an unspecified amount.,21 Mar 2024,https://realassets.ipe.com/news/hih-invest-buys-solar-park-in-southern-spain/10072345.article,True
HIH Invest,www.cash-online.de,HIH Invest steigert Multi Manager Business auf über zehn Milliarden Euro,Die HIH Invest Real Estate hat im zweiten Quartal 2023 das Volumen ihres Geschäftsbereichs Multi Manager Business (MMB) kräftig ausgebaut.,31 Jul 2023,https://www.cash-online.de/a/hih-invest-steigert-multi-manager-business-auf-ueber-zehn-milliarden-euro-655652/,False
HIH Invest,Renewables Now,HIH Invest buys 25-MW wind farm in Germany for its green energy fund,"HIH Invest Real Estate has acquired a 25-MW wind farm in Germany from German project developer Energiequelle GmbH, adding the asset to its...",7 Mar 2024,https://renewablesnow.com/news/hih-invest-buys-25-mw-wind-farm-in-germany-for-its-green-energy-fund-850792/,False
HIH Invest,IPE Reference Hub,HIH Invest Acquires Day Nursery in Bremen,HIH Invest Real Estate (“HIH Invest”) just acquired a new day nursery (daycare centre) for its “HIH Zukunft Invest” open-ended institutional...,26 Jul 2023,https://hub.ipe.com/asset-manager/hih-invest-real-estate-/hih-invest-acquires-day-nursery-in-bremen/10074507.supplierarticle,False
HIH Invest,www.cash-online.de,HIH Invest steigert institutionelles Geschäft deutlich,"HIH Invest hat die Assets under Management um circa 3,4 auf 22,3 Milliarden Euro gesteigert. Ein Geschäftsfeld wächst besonders stark.",28 Feb 2024,https://www.cash-online.de/a/hih-invest-steigert-institutionelles-geschaeft-deutlich-670326/,False
HIH Invest,immobilienmanager,HIH Invest erwirbt Bürogebäude in Osnabrück,Die HIH Invest Real Estate sichert sich eine DGNB-Platin-zertifizierte Büroimmobilie mit über 3.000 Quadratmetern Mietfläche in...,15 Aug 2023,https://www.immobilienmanager.de/osnabrueck-hih-invest-erwirbt-buerogebaeude-15082023,False
HIH Invest,DEAL - Magazine,24.05.2023 Regensburg: FONDSGRUND kauft Büroobjekt der Real I.S für die HIH,Der Hamburger Investment- und Assetmanager FONDSGRUND Investment hat für die HIH Invest Real Estate und einen Club deutscher...,24 May 2023,http://www.deal-magazin.com/news/125295/Regensburg-FONDSGRUND-kauft-Bueroobjekt-der-Real-IS-fuer-die-HIH,False
HIH Invest,http://www.cash-online.de/,HIH Invest sammelt Mandate für Dachfonds & Co.,Der Asset Manager HIH Invest Real Estate hat seinen Geschäftsbereich Multi Manager Business (MMB) kräftig ausgebaut. Weiterlesen.,26 Apr 2023,https://www.cash-online.de/a/hih-invest-sammelt-mandate-fuer-dachfonds-co-648285/,False
HIH Invest,www.cash-online.de,KGAL erwirbt Mehrheit an polnischer Solar- und Wind-Projektpipeline,Die KGAL Investment Management gründet für ihren Fonds ESPF 5 ein Joint Venture mit dem polnischen Projektentwickler Lasuno. Weiterlesen.,9 May 2023,https://www.cash-online.de/a/kgal-erwirbt-mehrheit-an-polnischer-solar-und-wind-projektpipeline-649362/,False
HIH Invest,Logistik Heute,LogPark Leipzig: HIH Invest und Partners Group planen zwei flexibel nutzbare Business-Parks,HIH Invest Real Estate (HIH Invest) und die Partners Group wollen auf dem Gelände des LogPark Leipzig zwei Business-Parks mit insgesamt...,3 Apr 2024,https://logistik-heute.de/news/logpark-leipzig-hih-invest-und-partners-group-planen-zwei-flexibel-nutzbare-business-parks-100320.html,False
HIH Invest,immobilienmanager,Leipzig: LBBW finanziert Logpark für HIH Invest,Die LBBW stellt der HIH Invest einen Kredit in Höhe von 60 Millionen Euro für den Ankauf eines Logistikparks in Leipzig zur Verfügung.,3 Apr 2024,https://www.immobilienmanager.de/leipzig-lbbw-finanziert-logpark-fuer-hih-invest-03042024,False
HIH Invest,Infrastructure Investor,"The Pipeline: Offshore PPA gone with wind, India’s NIIF troubles, US seeks energy chief",Price rises take US offshore casualty; tensions brew at India's NIIF; and New York pensions gain additional firepower. Welcome to the The...,9 Jan 2023,https://www.infrastructureinvestor.com/the-pipeline-offshore-ppa-gone-with-wind-indias-niif-troubles-us-seeks-energy-chief/,False
HIH Invest,IPE Real Assets,People moves: CBRE Investment Management names Patterson portfolio director,"Stack Infrastructure, BentallGreenOak, Tritax Group, MORhomes, Europa Capital, Howard de Walden Estate, KanAm, DJE Kapital, CBRE Investment...",6 Apr 2022,https://realassets.ipe.com/news/people-moves-cbre-investment-management-names-patterson-portfolio-director/10059016.article,False
HIH Invest,IPE Real Assets,Top 100 infrastructure investment managers 2023,"A €2trn industry in the making. The total assets under management (AUM) of the 100 largest infrastructure investment managers continued to climb in 2022,...",3 Jul 2023,https://realassets.ipe.com/top-100-infra-managers/top-100-infrastructure-investment-managers-2023/10067591.article,False
Merkle,Sonnenseite,Solar glass is the next production bottleneck,"The EU is becoming dangerously dependent on China by ignoring this component. By Erich Merkle When talking about the entire PV value chain,...",8 Jun 2022,https://www.sonnenseite.com/en/economy/solar-glass-is-the-next-production-bottleneck/,False
Merkle,www.photovoltaik.eu,Dr. Erich Merkle von GridParity: Leistungsfähige Solarmodule für viele Anwendungen – made in Europe,"CEO-Talk: Hohe Qualität, maßgeschneiderte Produkte - Europäische Hersteller von Solarmodulen können sich gegen die Konkurrenz aus Asien gut...",7 Jan 2023,https://www.photovoltaik.eu/montage/dr-erich-merkle-von-gridparity-leistungsfaehige-solarmodule-fuer-viele-anwendungen-made,False
Merkle,pv Europe,"Interview/CEO Talk - Erich Merkle of Gridparity: ""Made in Europe is becoming increasingly important""",Glass-glass modules are gaining importance in the European market and expanding their market shares. Erich Merkle of Gridparity explains...,3 Oct 2022,https://www.pveurope.eu/solar-modules/interview-ceo-talk-erich-merkle-gridparity-made-europe-becoming-increasingly,False
Merkle,Solarserver,GridParity AG – 10 Jahre Innovation in der Photovoltaik!,Grid Parity feiert: 10 Jahre Innovationen in der Photovoltaik. Carports/Terassen mit Doppelglasmodulen als Bausatz: Jubiläumsangebote auf...,20 Oct 2023,https://www.solarserver.de/2023/10/20/gridparity-ag-10-jahre-innovation-in-der-photovoltaik/,False
Merkle,pv magazine International,Tracker sensors for agrivoltaics,Sensors from German electronics manufacturer SICK are used in solar PV tracking systems since 2021. Now they are making their way into...,29 Mar 2024,https://www.pv-magazine.com/2024/03/29/tracker-sensors-for-agrivoltaics/,False
Merkle,Augsburger Allgemeine,Merkle-Holz aus Nersingen investiert Millionensumme,Im Juni soll es losgehen: Dann geht die neue Fotovoltaikanlage bei Merkle-Holz in Nersingen ans Netz. Das Unternehmen setzt schon länger auf...,5 May 2024,https://www.augsburger-allgemeine.de/neu-ulm/nersingen-merkle-holz-aus-nersingen-investiert-millionensumme-id70638481.html,False
Merkle,Erneuerbareenergien,Agriphotovoltaik: Gridparity nimmt Lösungen für den Weinbau ins Sortiment auf,Gridparity hat ein Solarsystem speziell für den Weinbau entwickelt. Damit erweitert das Unternehmen sein Sortiment für die Energiewende in...,23 May 2023,https://www.erneuerbareenergien.de/technologie/solar/agriphotovoltaik-gridparity-nimmt-loesungen-fuer-den-weinbau-ins-sortiment-auf,False
Merkle,pv Europe,Urban photovoltaics - Being out in the schoolyard even in the blazing sun,Solar canopies for schoolyards enhance paved areas and allow them to be used on rainy days. This creates a bright and attractive space for...,8 Mar 2023,https://www.pveurope.eu/bipv/urban-photovoltaics-being-out-schoolyard-even-blazing-sun,False
Merkle,pv magazine International,The next bottleneck,"Europe needs to build a solar industry across the entire value chain, including glass, argues Erich Merkle, the CEO of GridParity and a...",6 May 2022,https://www.pv-magazine.com/magazine-archive/the-next-bottleneck/,False
Merkle,www.photovoltaik.eu,Dr. Erich Merkle von Gridparity: „Made in Europe wird immer wichtiger“,"Glas-Glas-Module gewinnen im europäischen Markt an Bedeutung, bauen ihre Marktanteile aus. Die Hersteller errichten neue Werke,...",19 Sept 2022,https://www.photovoltaik.eu/solarmodule/dr-erich-merkle-von-gridparity-made-europe-wird-immer-wichtiger,False
Merkle,Solarserver,Gridparity schlägt Beteiligungsmodell für Agri-PV vor,"Wie ein ein Beteiligungsmodell für Agri-PV-Anlagen aussehen kann, stellt Erich Merkle, Vorstand von Gridparity in einem Gastbeitrag vor.",6 May 2023,https://www.solarserver.de/2023/05/06/agri-pv-akzeptanz-durch-buerger-beteiligungsmodell-herstellen/,False
Merkle,www.photovoltaik.eu,Stadler baut großes Solardach in Berlin,Der Schweizer Hersteller von Schienenfahrzeugen will auf seiner Niederlassung in Berlin rund 7.200 Module von Longi installieren.,19 Jul 2023,https://www.photovoltaik.eu/installation/stadler-baut-grosses-solardach-berlin,False
Merkle,pv Europe,Heads up! - Investor newsletter on Monday - useful information and the latest news for investors,Our newsletter for investors and project developers is entering its third round: It will be published on 11 December 2023.,7 Dec 2023,https://www.pveurope.eu/financing/heads-investor-newsletter-monday-useful-information-and-latest-news-investors,False
Merkle,www.photovoltaik.eu,Urban-PV: Auf den Schulhof trotz praller Sonne,Solare Überdachungen für Schulhöfe werten versiegelte Flächen auf und erlauben die Nutzung an regnerischen Tagen.,8 Mar 2023,https://www.photovoltaik.eu/installation/urban-pv-auf-den-schulhof-trotz-praller-sonne,False
Merkle,pv Europe,Agriphotovoltaics - Gridparity adds solutions for viticulture to its product range,Gridparity has developed a solar system specifically for viticulture. The company is thus expanding its product range for the energy...,23 May 2023,https://www.pveurope.eu/agriculture/agriphotovoltaics-gridparity-adds-solutions-viticulture-its-product-range,False
Merkle,www.photovoltaik.eu,Solarglas: Produktion ohne Erdgas - mit grünem Strom,Die hohen Preise für Erdgas und der Lieferstopp aus Russland stellen die Glashersteller vor enorme Probleme. Denn sie sind sehr abhängig von...,18 Jul 2022,https://www.photovoltaik.eu/bipv/solarglas-produktion-ohne-erdgas-mit-gruenem-strom,False
Merkle,www.photovoltaik.eu,PV Guided Tours 2023,pv Guided Tours 2023: Wichtige Innovationen für Ihr Solargeschäft – im Video! Innovative Trends und Produkte treiben die solare Energiewende voran – in...,1 month ago,https://www.photovoltaik.eu/videos/pv-guided-tours-2023,False
Merkle,www.photovoltaik.eu,Solarglas: Gewaltiger Engpass droht in Europa,"Die EU begibt sich in gefährliche Abhängigkeit von China, weil sie diese Komponente ausblendet. Wenn von der Wertschöpfungskette in der...",30 Jun 2022,https://www.photovoltaik.eu/solarmodule/solarglas-gewaltiger-engpass-droht-europa,False
Merkle,www.photovoltaik.eu,Neues Spezial zur Architektur: Gebäudehüllen solar aktivieren,"Dächer und Fassaden machen das Gebäude zum Sonnenkraftwerk. Wer diese Potenziale nutzen will, muss nicht nur an Solarmodule und...",13 Jun 2022,https://www.photovoltaik.eu/bipv/neues-spezial-zur-architektur-gebaeudehuellen-solar-aktivieren,False
Merkle,www.photovoltaik.eu,PV Guided Tours 2022,"Der weltweite Aufbruch zur solaren Energiewende treibt die Innovationsspirale. Mit uns behalten Sie die Übersicht, bei uns sitzen Sie in der ersten.",25 Apr 2022,https://www.photovoltaik.eu/videos/pv-guided-tours-2022,False
Merkle,Latham & Watkins LLP,Watkins Advising Clearway Energy Group in Financing and Sale of California Solar and Storage Projects,"Clearway Energy Group, LLC (Clearway) announced that it closed approximately US$1 billion of debt financing and arranged committed a tax...",26 May 2023,https://www.lw.com/en/news/2023/05/latham-watkins-advising-clearway-in-financing-and-sale-of-california-solar-and-storage-projects,False
Merkle,Sonnenseite,Solarglas ist der nächste Produktionsengpass,Die EU begibt sich in eine gefährliche Abhängigkeit von China weil sie diese Komponente ausblendet. Ein Bericht von Erich Merkle Wenn von...,8 Jun 2022,https://www.sonnenseite.com/de/wirtschaft/solarglas-ist-der-naechste-produktionsengpass/,False
Merkle,The Merkle News,What Is SolarCoin Cryptocurrency?,"After Bitcoin showed the world what blockchain technology could do, many projects began thinking about how to incorporate blockchains into...",3 Apr 2018,https://themerkle.com/what-is-solarcoin-cryptocurrency/,False
Merkle,Erneuerbareenergien,Flächen doppelt nutzen,"Mehr Landwirte wollen auf ihren Flächen zusätzlich Solarstrom ernten. Die Technologie ist vorhanden, doch der Markt tut sich noch schwer.",6 Sept 2023,https://www.erneuerbareenergien.de/technologie/solar/flaechen-doppelt-nutzen,False
Merkle,www.photovoltaik.eu,Seuche in den Lötstellen,"Reklamationen — Wer bei der Qualität der Solarmodule oder Wechselrichter auf Nummer sicher gehen will, braucht professionelles Monitoring.",21 Mar 2017,https://www.photovoltaik.eu/solarmodule/seuche-den-loetstellen,False
Merkle,NOKZEIT,19. Mai 2023 - Solarparks stoßen auf Ablehnung,"Unser Bild zeigt von links: Bürgermeister Dr. Norbert Rippberger, Philip Steigleder, Manfred Müller, Marco Müller, Markus Peiß,...",19 May 2023,https://www.nokzeit.de/2023/05/19/solarparks-stossen-auf-ablehnung/,True
Merkle,pv Europe,Mounting systems: - Concrete as an alternative to aluminium,The systems from the Italian manufacturer Sun Ballast offer a dual use as ballast as well as a support for modules.,15 Jun 2022,https://www.pveurope.eu/mounting/mounting-systems-concrete-alternative-aluminium,False
Merkle,Südkurier,(Anzeige) 10 Jahre Geba GmbH und ein Jahr Geba Wärme GmbH: Experten zum Thema erneuerbare Energien,"Rickenbach (psc) Die Firma GEBA GmbH mit Sitz in Rickenbach feiert dieses Jahr ihr zehnjähriges Bestehen. Gegründet 2009 von Markus Merkle, hat sich GEBA...",23 Mar 2019,"https://www.suedkurier.de/region/hochrhein/rickenbach/10-Jahre-Geba-GmbH-und-ein-Jahr-Geba-Waerme-GmbH-Experten-zum-Thema-erneuerbare-Energien;art372616,10092355",False
Merkle,The Merkle News,Will Mining Cryptocurrency in the Desert Using Solar Power Make You Rich?,"Mining Bitcoin or any other cryptocurrency is not necessarily profitable. It all comes down to having good internet, cheap electricity,...",5 Jul 2017,https://themerkle.com/will-mining-cryptocurrency-in-the-desert-using-solar-power-make-you-rich/,True
Merkle,NOKZEIT,24. Dezember 2021 - Solarpark - „Made in Seckach“,Auf diesem Gelände soll der Solarpark entstehen. (Foto: Liane Merkle) Einstimmig für Solarparks Winterberg ausgesprochen Seckach.,24 Dec 2021,https://www.nokzeit.de/2021/12/24/solarpark-made-in-seckach/,True
Merkle,Investopedia,Is Solar-Powered Cryptocurrency Mining the Next Big Thing?,"In the search to make cryptocurrency mining profitable, some operations are looking to solar power.",7 Nov 2017,https://www.investopedia.com/news/solarpowered-cryptocurrency-mining-next-big-thing/,True
Merkle,The Merkle News,Envion – Mobile Crypto Miner Deploys to Lowest Cost Renewable Energy Markets,China's renewable energy sector wasted more than 60 TWh of electricity in 2016 owing to inadequate transmission infrastructure to transport...,25 Dec 2017,https://themerkle.com/envion-mobile-crypto-miner-deploys-to-lowest-cost-renewable-energy-markets/,False
